{"cameraMode":{"drawMode":0,"name":"Shaded","section":"Shading Mode"},"sceneLighting":true,"audioPlay":false,"sceneViewState":{"showFog":true,"showMaterialUpdate":false,"showSkybox":true,"showFlares":true,"showImageEffects":true,"showParticleSystems":true},"in2DMode":false,"pivot":{"x":4.7859344482421879,"y":5.4453125,"z":-4.320068359375},"rotation":{"x":0.7014354467391968,"y":0.02243621274828911,"z":-0.022102972492575647,"w":0.7120367884635925},"size":56.49594497680664,"orthographic":true}