{"cameraMode":{"drawMode":0,"name":"Shaded","section":"Shading Mode"},"sceneLighting":true,"audioPlay":false,"sceneViewState":{"showFog":true,"showMaterialUpdate":false,"showSkybox":true,"showFlares":true,"showImageEffects":true,"showParticleSystems":true},"in2DMode":false,"pivot":{"x":-10.519512176513672,"y":3.0,"z":15.220901489257813},"rotation":{"x":0.7070556282997131,"y":-0.008485096506774426,"z":0.008485067635774613,"w":0.7070561647415161},"size":64.77262115478516,"orthographic":true}