{"cameraMode":{"drawMode":0,"name":"Shaded","section":"Shading Mode"},"sceneLighting":true,"audioPlay":false,"sceneViewState":{"showFog":true,"showMaterialUpdate":false,"showSkybox":true,"showFlares":true,"showImageEffects":true,"showParticleSystems":true},"in2DMode":false,"pivot":{"x":-0.27049827575683596,"y":5.294921875,"z":0.2600994110107422},"rotation":{"x":0.7070556282997131,"y":-0.008485096506774426,"z":0.008485067635774613,"w":0.7070561647415161},"size":43.7283821105957,"orthographic":true}